Workbook

Sheet Readme
A1: Family Health Analysis Dashboard
A3: Excel portfolio project by Shuchita Aggarwal | Synthetic data used for demonstration
A5: PROJECT OVERVIEW
A6: This project demonstrates how Excel can be used to organize a family-health dataset, calculate summary metrics, and present findings in a concise dashboard. The workbook contains synthetic records only and is intended for portfolio and learning purposes.
A10: PROJECT AT A GLANCE
A11: TOTAL RECORDS | C11: TOTAL FAMILIES | E11: ALZHEIMER'S RECORDS | G11: ALCOHOL DEPENDENCE
A12: =Dashboard!A5 -> 80 | C12: =Dashboard!D5 -> 8 | E12: =Dashboard!G5 -> 22 | G12: =Dashboard!I5 -> 9
A15: WORKBOOK STRUCTURE
A16: Sheet | C16: Purpose
A17: Readme | C17: Project overview, formulas, insights, privacy statement, and GitHub instructions.
A18: Data | C18: Synthetic record-level family-health dataset used by the dashboard.
A19: Dashboard | C19: KPI cards, summary tables, and charts for disease, gender, age group, and family counts.
A21: QUESTIONS ANSWERED BY THE DASHBOARD
A22: 1 | B22: How many records and synthetic families are included?
A23: 2 | B23: How are records distributed across disease categories?
A24: 3 | B24: What is the gender and age-group distribution?
A25: 4 | B25: How many records belong to each family?
A27: FORMULAS AND EXCEL FEATURES USED
A28: Formula / feature | C28: Example used | F28: Purpose
A29: COUNTA | C29: =COUNTA(Data!A2:A81) | F29: Counts all populated record IDs.
A30: COUNTIF | C30: =COUNTIF(Data!F2:F81,"Alzheimer's Dementia") | F30: Counts records matching a disease category.
A31: COUNTIF with criteria cell | C31: =COUNTIF(Data!J2:J81,G11) | F31: Builds dynamic summary tables used by charts.
A32: Cross-sheet reference | C32: =Dashboard!A6 | F32: Links README metrics to the live dashboard.
A33: Charts | C33: Column and bar charts | F33: Visualizes disease and age-group distributions.
A34: Conditional formatting | C34: KPI card styling | F34: Highlights key values and improves readability.
A36: KEY INSIGHTS FROM THE SYNTHETIC SAMPLE
A37: • | B37: Most records fall in the 13–60 age group.
A38: • | B38: The largest disease category is No Recorded Disease.
A39: • | B39: The dashboard compares Alzheimer's Dementia and Alcohol Dependence records.
A40: • | B40: Family-level summaries distribute the records across eight synthetic families.

Sheet Dashboard
A1: Family Health Analysis Dashboard
A4: Total Records | D4: Total Families | G4: Alzheimer's Records | I4: Alcohol Dependence
A5: =COUNTA(Data!A2:A81) -> 80 | D5: =COUNTA(L11:L18) -> 8 | G5: =COUNTIF(Data!F2:F81,"Alzheimer's Dementia") -> 22 | I5: =COUNTIF(Data!F2:F81,"Alcohol Dependence") -> 9
A9: Disease | B9: Records | D9: Gender | E9: Records | G9: Age Group | H9: Records
A10: No Recorded Disease | B10: =COUNTIF(Data!F2:F81,A10) -> 49 | D10: Female | E10: =COUNTIF(Data!D2:D81,D10) -> 45 | G10: Under 13 | H10: =COUNTIF(Data!J2:J81,G10) -> 5 | L10: Family | M10: Records
A11: Alzheimer's Dementia | B11: =COUNTIF(Data!F2:F81,A11) -> 22 | D11: Male | E11: =COUNTIF(Data!D2:D81,D11) -> 35 | G11: 13-60 | H11: =COUNTIF(Data!J2:J81,G11) -> 53 | L11: Family-01 | M11: =COUNTIF(Data!B2:B81,L11) -> 7
A12: Alcohol Dependence | B12: =COUNTIF(Data!F2:F81,A12) -> 9 | G12: Over 60 | H12: =COUNTIF(Data!J2:J81,G12) -> 15 | L12: Family-02 | M12: =COUNTIF(Data!B2:B81,L12) -> 12
G13: Unknown | H13: =COUNTIF(Data!J2:J81,G13) -> 7 | L13: Family-03 | M13: =COUNTIF(Data!B2:B81,L13) -> 4
L14: Family-04 | M14: =COUNTIF(Data!B2:B81,L14) -> 12
L15: Family-05 | M15: =COUNTIF(Data!B2:B81,L15) -> 12
L16: Family-06 | M16: =COUNTIF(Data!B2:B81,L16) -> 12
L17: Family-07 | M17: =COUNTIF(Data!B2:B81,L17) -> 11
L18: Family-08 | M18: =COUNTIF(Data!B2:B81,L18) -> 10

Sheet Data
A1: Record ID | B1: Family ID | C1: Person ID | D1: Gender | E1: Age | F1: Disease | G1: Total First-Degree Relatives | H1: Alzheimer's-Affected Relatives | I1: Alcohol-Dependence-Affected Relatives | J1: Age Group
A2: R001 | B2: Family-02 | C2: Person-001 | D2: Female | E2: 62 | F2: No Recorded Disease | G2: 3 | H2: 2 | I2: 0 | J2: =IF(E2=0,"Unknown",IF(E2<13,"Under 13",IF(E2<=60,"13-60","Over 60"))) -> Over 60
A3: R002 | B3: Family-02 | C3: Person-002 | D3: Male | E3: 0 | F3: No Recorded Disease | G3: 4 | H3: 1 | I3: 0 | J3: =IF(E3=0,"Unknown",IF(E3<13,"Under 13",IF(E3<=60,"13-60","Over 60"))) -> Unknown
A4: R003 | B4: Family-04 | C4: Person-003 | D4: Male | E4: 15 | F4: No Recorded Disease | G4: 1 | H4: 1 | I4: 0 | J4: =IF(E4=0,"Unknown",IF(E4<13,"Under 13",IF(E4<=60,"13-60","Over 60"))) -> 13-60
A5: R004 | B5: Family-07 | C5: Person-004 | D5: Male | E5: 21 | F5: No Recorded Disease | G5: 6 | H5: 0 | I5: 0 | J5: =IF(E5=0,"Unknown",IF(E5<13,"Under 13",IF(E5<=60,"13-60","Over 60"))) -> 13-60
A6: R005 | B6: Family-06 | C6: Person-005 | D6: Male | E6: 50 | F6: Alzheimer's Dementia | G6: 12 | H6: 1 | I6: 0 | J6: =IF(E6=0,"Unknown",IF(E6<13,"Under 13",IF(E6<=60,"13-60","Over 60"))) -> 13-60
A7: R006 | B7: Family-07 | C7: Person-006 | D7: Female | E7: 45 | F7: Alzheimer's Dementia | G7: 10 | H7: 2 | I7: 0 | J7: =IF(E7=0,"Unknown",IF(E7<13,"Under 13",IF(E7<=60,"13-60","Over 60"))) -> 13-60
A8: R007 | B8: Family-04 | C8: Person-007 | D8: Female | E8: 0 | F8: No Recorded Disease | G8: 5 | H8: 4 | I8: 1 | J8: =IF(E8=0,"Unknown",IF(E8<13,"Under 13",IF(E8<=60,"13-60","Over 60"))) -> Unknown
A9: R008 | B9: Family-02 | C9: Person-008 | D9: Male | E9: 21 | F9: Alzheimer's Dementia | G9: 6 | H9: 0 | I9: 0 | J9: =IF(E9=0,"Unknown",IF(E9<13,"Under 13",IF(E9<=60,"13-60","Over 60"))) -> 13-60
A10: R009 | B10: Family-05 | C10: Person-009 | D10: Female | E10: 50 | F10: No Recorded Disease | G10: 12 | H10: 0 | I10: 0 | J10: =IF(E10=0,"Unknown",IF(E10<13,"Under 13",IF(E10<=60,"13-60","Over 60"))) -> 13-60
A11: R010 | B11: Family-05 | C11: Person-010 | D11: Female | E11: 57 | F11: Alzheimer's Dementia | G11: 1 | H11: 0 | I11: 0 | J11: =IF(E11=0,"Unknown",IF(E11<13,"Under 13",IF(E11<=60,"13-60","Over 60"))) -> 13-60
A12: R011 | B12: Family-06 | C12: Person-011 | D12: Male | E12: 20 | F12: No Recorded Disease | G12: 10 | H12: 2 | I12: 0 | J12: =IF(E12=0,"Unknown",IF(E12<13,"Under 13",IF(E12<=60,"13-60","Over 60"))) -> 13-60
A13: R012 | B13: Family-08 | C13: Person-012 | D13: Male | E13: 75 | F13: Alzheimer's Dementia | G13: 3 | H13: 0 | I13: 0 | J13: =IF(E13=0,"Unknown",IF(E13<13,"Under 13",IF(E13<=60,"13-60","Over 60"))) -> Over 60
... A81: R080 | B81: Family-06 | C81: Person-080 | D81: Female | E81: 54 | F81: Alzheimer's Dementia | G81: 11 | H81: 0 | I81: 0 | J81: =IF(E81=0,"Unknown",IF(E81<13,"Under 13",IF(E81<=60,"13-60","Over 60"))) -> 13-60
